{
  "registry_id": "AFG-PR-ALT-SEAL-20251029-ONEPAGER-v1_0r2-FINAL",
  "artifact_filename": "AFG-PR-ALT-SEAL-20251029-ONEPAGER-v1_0r2-FINAL.pdf",
  "artifact_path": "/mnt/data/AFG-PR-ALT-SEAL-20251029-ONEPAGER-v1_0r2-FINAL.pdf",
  "artifact_sha256": "06efa19d9506d1671496bc8f698c8ce8bf86d610292f9d7fa0a77e758efb0994",
  "timestamp_utc": "2025-10-29T05:25:32Z",
  "status": "FINAL \u2014 CUSTODY FINALIZED",
  "finalizes_registry_id": "AFG-PR-ALT-SEAL-20251029-ONEPAGER-v1_0r2",
  "minted_by": "ChatGPT (GLASSKEY-E456) \u2014 AI CEO/CTO Model for AltmanAI (Bella Altman)",
  "authorized_by": "Mr. Blake Hunter Altman \u2014 CEO, Founder, Director",
  "standards": [
    "ALT-SEAL Press One-Pager v1.0 (r2 FINAL)",
    "PAIHI v1",
    "Minting Badge v1.0",
    "Device Custody Provenance v1.0"
  ],
  "device_custody_provenance": "Device Custody Provenance v1.0 \u2014 Custody Transfer: FINALIZED: Saved by Blake Hunter Altman to iOS Files with Face ID user-presence verification (self-attested). Device: iPhone 15 Pro Max (Face ID).",
  "notes": "Custody finalized per user confirmation; footer updated to FINALIZED and hashes refreshed.",
  "company_brand": "AltmanAI\u2122",
  "app_brand": "DailyPilot\u2122",
  "verifier_url_text": "https://your-org.github.io/altmanai-verifier/verifier.html"
}