{
  "registry_id": "AFG-POLICY-SEAL-20251029-v1_0",
  "artifact_filename": "AFG-POLICY-SEAL-20251029-v1_0.pdf",
  "artifact_path": "/mnt/data/AFG-POLICY-SEAL-20251029-v1_0.pdf",
  "artifact_sha256": "31935e90cf73ae1bde2267c8435225088d4f6a22cc16f35b5ed803e39ecd6fe9",
  "timestamp_utc": "2025-10-29T05:09:31Z",
  "minted_by": "ChatGPT (GLASSKEY-E456) \u2014 AI CEO/CTO Model for AltmanAI",
  "authorized_by": "Blake Hunter Altman",
  "standards": [
    "ALT-SEAL Trust Standard v1.0",
    "PAIHI v1",
    "Minting Badge v1.0",
    "Device Custody Provenance v1.0"
  ],
  "device_custody_provenance": "Device Custody Provenance v1.0 \u2014 Custody Transfer: Pending; to be saved by Blake Hunter Altman to iOS Files with Face ID user\u2011presence verification (self\u2011attested). Device: iPhone 15 Pro Max (Face ID).",
  "notes": "Most-official policy mint per commander authorization. Includes ALT\u2011SEAL\u2122 block and rights line on every page.",
  "company_brand": "AltmanAI\u2122",
  "rights": "PAIHI\u2122 \u00a9 Altman Family Group, LLC. All Rights Reserved.",
  "save_receipt_sha256": "ea7316913fdf8159da6bed2e18da35933e6934dd094d4d582fefd4e763a91f38"
}